row_id,source_state_abbr,municipality,health_unit_name,old_formatted_address,old_lat,old_lng,old_place_id,old_score,old_review_reasons,best_candidate_pattern,best_candidate_query,best_formatted_address,best_lat,best_lng,best_place_id,best_partial_match,best_location_type,best_candidate_score,best_candidate_reasons,score_delta,repair_outcome
AC_0003,AC,Brasiléia,Hospital de Clínicas Raimundo Chaar,"BR-317 & R. Raimundo Chaar, Assis Brasil - AC, 69935-000, Brasil",-10.9332298,-69.5653925,EkBCUi0zMTcgJiBSLiBSYWltdW5kbyBDaGFhciwgQXNzaXMgQnJhc2lsIC0gQUMsIDY5OTM1LTAwMCwgQnJhemlsImYiZAoUChIJf1SHk3AMeZERqX3P8MH-Kk4SFAoSCX9Uh5NwDHmREal9z_DB_ipOGhQKEgmB8OukV50qkhHr2NC6y-eaHRoUChIJ72EBznsMeZERE_Ff1YfgFPsiCg22uHv5FdspidY,90,,addr_muni_state,"BR 317, km 01, Bairro ALberto Castro s/n, Brasiléia, ACRE, Brasil","BR-317, Brasiléia - AC, Brasil",-10.9118978,-69.04095,Eh9CUi0zMTcsIEJyYXNpbMOpaWEgLSBBQywgQnJhemlsIi4qLAoUChIJgfDrpFedKpIR69jQusvnmh0SFAoSCZuIPQY3t36REZ6cCNi-9TUU,true,GEOMETRIC_CENTER,120,in_brazil +50; state_match(AC) +40; muni_in_fa +30; loc_type=GEOMETRIC_CENTER +20; generic_fa -15; partial+non_rooftop -5,30,improved_but_still_review
AC_0009,AC,Marechal Thaumaturgo,Unidade Mista de Marechal Thaumaturgo,"Mal. Thaumaturgo - AC, 69983-000, Brasil",-8.9483336,-72.7858033,ChIJC4sd7qMon5ERpHipOBX6lQI,60,,unit_muni_state,"Unidade Mista de Marechal Thaumaturgo, Marechal Thaumaturgo, ACRE, Brasil","Mal. Thaumaturgo - AC, 69983-000, Brasil",-8.9483336,-72.7858033,ChIJC4sd7qMon5ERpHipOBX6lQI,true,GEOMETRIC_CENTER,60,in_brazil +50; state_match(AC) +40; muni_not_in_fa -30; loc_type=GEOMETRIC_CENTER +20; generic_fa -15; partial+non_rooftop -5,0,unchanged_bad
AC_0015,AC,Senador Guiomard,Hospital Dr. Ari Rodrigues,"R. Sen. Eduardo Asmar, 133 - Cohab, Sen. Guiomard - AC, 69925-000, Brasil",-10.1586628,-67.7327109,ChIJ807espTqf5ERas6TzpDeCmU,115,,addr_muni_state,"Avenida Eduardo Assmar, 133 - COHAB, Senador Guiomard, ACRE, Brasil","R. Sen. Eduardo Asmar, 133 - Cohab, Sen. Guiomard - AC, 69925-000, Brasil",-10.1586628,-67.7327109,ChIJ807espTqf5ERas6TzpDeCmU,true,ROOFTOP,115,in_brazil +50; state_match(AC) +40; muni_not_in_fa -30; loc_type=ROOFTOP +40; specific_fa +15,0,unchanged_bad
AM_0056,AM,Nova Olinda do Norte,Polo Base Kwatá,"QPFG+H5 - Canumã, Borba - AM, 69200-000, Brasil",-4.226043499999999,-59.2746218,ChIJ4aiUAADRaZIRA4Wzn_NP7Oc,115,,unit_muni_state,"Polo Base Kwatá, Nova Olinda do Norte, AMAZONAS, Brasil","Nova Olinda do Norte, AM, 69230-000, Brasil",-3.890451699999999,-59.09325819999999,ChIJP9NPu7dSaJIRMcNsTv4i8VQ,true,APPROXIMATE,95,in_brazil +50; state_unknown; muni_in_fa +30; loc_type=APPROXIMATE +5; specific_fa +15; partial+non_rooftop -5,-20,unchanged_bad
AM_0062,AM,Presidente Figueiredo,Hospital Geral Evaldo Neves Falcão,"próximo a Bemol - BR-174, km 107 - Centro, Pres. Figueiredo - AM, 69735-000, Brasil",-2.0516612,-60.02450649999999,ChIJ8fClmNMFcpIRDjCcaKZt2lg,115,,addr_muni_state,"BR 174 Km 107 - Centro, Presidente Figueiredo, AMAZONAS, Brasil","próximo a Bemol - BR-174, km 107 - Centro, Pres. Figueiredo - AM, 69735-000, Brasil",-2.0516612,-60.02450649999999,ChIJ8fClmNMFcpIRDjCcaKZt2lg,false,ROOFTOP,115,in_brazil +50; state_match(AM) +40; muni_not_in_fa -30; loc_type=ROOFTOP +40; specific_fa +15,0,unchanged_bad
AM_0063,AM,Presidente Figueiredo,Hospital de Balbina,"1237 - Av. Um, 1199 - Waimiri, Pres. Figueiredo - AM, 69735-000, Brasil",-1.9359939,-59.4208309,ChIJb5Sg-bPDcZIRnqpykO6o8HM,115,,unit_muni_state,"Hospital de Balbina, Presidente Figueiredo, AMAZONAS, Brasil","1237 - Av. Um, 1199 - Waimiri, Pres. Figueiredo - AM, 69735-000, Brasil",-1.9359939,-59.4208309,ChIJb5Sg-bPDcZIRnqpykO6o8HM,true,ROOFTOP,115,in_brazil +50; state_match(AM) +40; muni_not_in_fa -30; loc_type=ROOFTOP +40; specific_fa +15,0,unchanged_bad
AM_0064,AM,Presidente Figueiredo,Hospital de Pitinga,"Av. Cassiterita - Balbina, Pres. Figueiredo - AM, 69735-000, Brasil",-0.7772323,-60.0805395,ChIJLevB05Y9dJIRQJQoSEa5OHU,90,,addr_muni_state,"Avenida Cassiterita, s/n - Vila do Pitinga, Presidente Figueiredo, AMAZONAS, Brasil","Av. Cassiterita - Balbina, Pres. Figueiredo - AM, 69735-000, Brasil",-0.7772323,-60.0805395,ChIJLevB05Y9dJIRQJQoSEa5OHU,false,GEOMETRIC_CENTER,95,in_brazil +50; state_match(AM) +40; muni_not_in_fa -30; loc_type=GEOMETRIC_CENTER +20; specific_fa +15,5,improved_but_still_review
AM_0074,AM,São Gabriel da Cachoeira,Unidade Basica de Saúde de Maturacá,"Aeroporto de Maturacá, Santa Isabel do Rio Negro - AM, 69740-000, Brasil",0.6264986,-66.1202405,ChIJaZ_pqOfb_o0RZjjOuNlijzs,90,,unit_muni_state,"Unidade Basica de Saúde de Maturacá, São Gabriel da Cachoeira, AMAZONAS, Brasil","Aeroporto de Maturacá, Santa Isabel do Rio Negro - AM, 69740-000, Brasil",0.6264986,-66.1202405,ChIJaZ_pqOfb_o0RZjjOuNlijzs,true,GEOMETRIC_CENTER,90,in_brazil +50; state_match(AM) +40; muni_not_in_fa -30; loc_type=GEOMETRIC_CENTER +20; specific_fa +15; partial+non_rooftop -5,0,unchanged_bad
AM_0078,AM,São Gabriel da Cachoeira,5º Pelotão Especial de Fronteira do Exército (5º BIS),"Aeroporto de Maturacá, Santa Isabel do Rio Negro - AM, 69740-000, Brasil",0.6264986,-66.1202405,ChIJaZ_pqOfb_o0RZjjOuNlijzs,90,,unit_muni_state,"5º Pelotão Especial de Fronteira do Exército (5º BIS), São Gabriel da Cachoeira, AMAZONAS, Brasil","São Gabriel da Cachoeira - AM, 69750-000, Brasil",-0.1296579,-67.07045959999999,ChIJw8aLsvINAJIRq_rQGcum71w,true,GEOMETRIC_CENTER,120,in_brazil +50; state_match(AM) +40; muni_in_fa +30; loc_type=GEOMETRIC_CENTER +20; generic_fa -15; partial+non_rooftop -5,30,improved_but_still_review
AP_0025,AP,Almerim/Pará,UBSI Missão Tiriyó,"Tiriós, Oriximiná - PA, 68270-000, Brasil",2.2325789,-55.961233,ChIJZWz77pQ7nY0RQ5wY2HgaJsM,-45,,unit_muni_state,"UBSI Missão Tiriyó, Almerim/Pará, AMAPÁ, Brasil","Tiriós, Oriximiná - PA, 68270-000, Brasil",2.2325789,-55.961233,ChIJZWz77pQ7nY0RQ5wY2HgaJsM,true,APPROXIMATE,-45,in_brazil +50; state_mismatch(PA!=AP) -80; muni_not_in_fa -30; loc_type=APPROXIMATE +5; specific_fa +15; partial+non_rooftop -5,0,unchanged_bad
AP_0026,AP,Almerim/Pará,UBSI Kuxaré,"Tiriós, Oriximiná - PA, 68270-000, Brasil",2.2325789,-55.961233,ChIJZWz77pQ7nY0RQ5wY2HgaJsM,-45,,addr_muni_state,"POLO-BASE TIPO I - MISSÃO TIRIYO, Almerim/Pará, AMAPÁ, Brasil","Tiriós, Oriximiná - PA, 68270-000, Brasil",2.2325789,-55.961233,ChIJZWz77pQ7nY0RQ5wY2HgaJsM,true,APPROXIMATE,-45,in_brazil +50; state_mismatch(PA!=AP) -80; muni_not_in_fa -30; loc_type=APPROXIMATE +5; specific_fa +15; partial+non_rooftop -5,0,unchanged_bad
BA_0099,BA,Inhambupe,Hospital Municipal Antônio Carlos Magalhães,"Condomínio Rio São Francisco - Av. Antônio Carlos Magalhães, 1 - Pernambués, Salvador - BA, 40000-000, Brasil",-12.9772427,-38.4713664,ChIJVzDNUSQbFgcRcGIYHdbR6XA,115,,unit_muni_state,"Hospital Municipal Antônio Carlos Magalhães, Inhambupe, BAHIA, Brasil","Inhambupe, BA, 48490-000, Brasil",-11.7868374,-38.3525212,ChIJy-eMD6tJEQcR6Vcn9L7aP6g,true,APPROXIMATE,95,in_brazil +50; state_unknown; muni_in_fa +30; loc_type=APPROXIMATE +5; specific_fa +15; partial+non_rooftop -5,-20,unchanged_bad
BA_0112,BA,Itajú do Colônia,Unidade Mista de Itajú do Colônia,"Av. Lomanto Júnior, 365 - Itaju do Col., BA, 45730-000, Brasil",-15.1432285,-39.7254031,Ej9Bdi4gTG9tYW50byBKw7puaW9yLCAzNjUgLSBJdGFqdSBkbyBDb2wuLCBCQSwgNDU3MzAtMDAwLCBCcmF6aWwiMRIvChQKEgln4KVC-xk4BxE9ShSPEdCjQBDtAioUChIJodGEm_sZOAcRUm5UcGoD0h8,55,,addr_muni_state,"Av. Lomanto Júnior, 365 - Centro, Itajú do Colônia, BAHIA, Brasil","Av. Lomanto Júnior, 365 - Itaju do Col., BA, 45730-000, Brasil",-15.143259,-39.7254374,Ej9Bdi4gTG9tYW50byBKw7puaW9yLCAzNjUgLSBJdGFqdSBkbyBDb2wuLCBCQSwgNDU3MzAtMDAwLCBCcmF6aWwiMRIvChQKEgln4KVC-xk4BxE9ShSPEdCjQBDtAioUChIJodGEm_sZOAcRUm5UcGoD0h8,false,RANGE_INTERPOLATED,60,in_brazil +50; state_unknown; muni_not_in_fa -30; loc_type=RANGE_INTERPOLATED +25; specific_fa +15,5,improved_but_still_review
BA_0140,BA,Lagedo do Tabocal,Hospital Municipal Álvaro Fagundes,"R. Basílio Brochini, Lajedo do Tabocal - BA, Brasil",-13.4589901,-40.2396999,ChIJd7UrVSeMQAcRaim5_k4GWgw,60,,addr_muni_state,"Rua Achilles Brochini, s/n - Centro, Lagedo do Tabocal, BAHIA, Brasil","R. Basílio Brochini, Lajedo do Tabocal - BA, Brasil",-13.4589901,-40.2396999,ChIJd7UrVSeMQAcRaim5_k4GWgw,true,GEOMETRIC_CENTER,60,in_brazil +50; state_match(BA) +40; muni_not_in_fa -30; loc_type=GEOMETRIC_CENTER +20; generic_fa -15; partial+non_rooftop -5,0,unchanged_bad
BA_0145,BA,Livramento de Nossa Senhora,Hospital Municipal de Livramento (Hosp. Munic. Dr. Ulysses Celestino da Silva),"Av. Pres. Vargas, 829 - Centro, Livramento de Nossa Sra. - BA, 46140-000, Brasil",-13.6397709,-41.839531,ChIJ42FPTlOHQwcRIOka2Vk1hrQ,115,,unit_muni_state,"Hospital Municipal de Livramento (Hosp. Munic. Dr. Ulysses Celestino da Silva), Livramento de Nossa Senhora, BAHIA, Brasil","Av. Pres. Vargas, 829 - Centro, Livramento de Nossa Sra. - BA, 46140-000, Brasil",-13.6397709,-41.839531,ChIJ42FPTlOHQwcRIOka2Vk1hrQ,true,ROOFTOP,115,in_brazil +50; state_match(BA) +40; muni_not_in_fa -30; loc_type=ROOFTOP +40; specific_fa +15,0,unchanged_bad
BA_0148,BA,Macaúbas,UPA de Macaúbas,"Luis Eduardo Magalhães, Luís Eduardo Magalhães - BA, 47850-000, Brasil",-12.0806624,-45.7786578,ChIJVWzoIjZ3SpMRlI7it95wVA8,75,,addr_muni_state,"Av. Via do Acesso, s/n - Luís Eduardo Magalhães, Macaúbas, BAHIA, Brasil","Av. Via do Acesso - Macaúbas, BA, 46500-000, Brasil",-13.015921,-42.6802787,ChIJkwO2g0fQXAcRoU7gei-TECA,true,GEOMETRIC_CENTER,110,in_brazil +50; state_unknown; muni_in_fa +30; loc_type=GEOMETRIC_CENTER +20; specific_fa +15; partial+non_rooftop -5,35,improved_but_still_review
BA_0149,BA,Madre de Deus,Hospital Municipal Dr. Eduardo Ribeiro Bahiana,"Av. Milton Bahia Ribeiro, 1900 - Centro, Me. de Deus - BA, 42600-000, Brasil",-12.7376045,-38.60854690000001,ChIJW758b-B0FgcRfxtgqZX91pE,115,,unit_muni_state,"Hospital Municipal Dr. Eduardo Ribeiro Bahiana, Madre de Deus, BAHIA, Brasil","Av. Milton Bahia Ribeiro, 1900 - Centro, Me. de Deus - BA, 42600-000, Brasil",-12.7376045,-38.60854690000001,ChIJW758b-B0FgcRfxtgqZX91pE,true,ROOFTOP,115,in_brazil +50; state_match(BA) +40; muni_not_in_fa -30; loc_type=ROOFTOP +40; specific_fa +15,0,unchanged_bad
BA_0190,BA,Presidente Jânio Quadros,Centro de Saúde São João Batista,"Av. Antônio Carlos Magalhães, Pres. Jânio Quadros - BA, 46250-000, Brasil",-14.684367,-41.679277,ChIJWea1WyqSRQcR_21dlpkmVqQ,90,,addr_muni_state,"Av. Antônio Carlos Magalhães, s/n - Centro, Presidente Jânio Quadros, BAHIA, Brasil","Av. Antônio Carlos Magalhães, Pres. Jânio Quadros - BA, 46250-000, Brasil",-14.6880791,-41.6803429,ChIJ4ST1HyqSRQcR7_eSnsJCurY,false,GEOMETRIC_CENTER,95,in_brazil +50; state_match(BA) +40; muni_not_in_fa -30; loc_type=GEOMETRIC_CENTER +20; specific_fa +15,5,improved_but_still_review
BA_0204,BA,Santa Luz,Hospital Municipal Petronilho Evangelista dos Santos,"RUA 24 DE OUTUBRO, 191 - Centro, Santaluz - BA, 48880-000, Brasil",-11.2544854,-39.3752039,ChIJdwtQIFsGEwcRmRZIK_NygeU,115,,unit_muni_state,"Hospital Municipal Petronilho Evangelista dos Santos, Santa Luz, BAHIA, Brasil","RUA 24 DE OUTUBRO, 191 - Centro, Santaluz - BA, 48880-000, Brasil",-11.2544854,-39.3752039,ChIJdwtQIFsGEwcRmRZIK_NygeU,false,ROOFTOP,115,in_brazil +50; state_match(BA) +40; muni_not_in_fa -30; loc_type=ROOFTOP +40; specific_fa +15,0,unchanged_bad
BA_0205,BA,Santa Teresinha,Hospital Municipal Edite Nogueira Rangel,"R. Alto da Boa Vista, S/N, Santa Terezinha - BA, 44590-000, Brasil",-12.7706906,-39.5266404,ChIJUZQ9HwplFQcRdwPEoRrtcSg,115,,unit_muni_state,"Hospital Municipal Edite Nogueira Rangel, Santa Teresinha, BAHIA, Brasil","R. Alto da Boa Vista, S/N, Santa Terezinha - BA, 44590-000, Brasil",-12.7706906,-39.5266404,ChIJUZQ9HwplFQcRdwPEoRrtcSg,true,ROOFTOP,115,in_brazil +50; state_match(BA) +40; muni_not_in_fa -30; loc_type=ROOFTOP +40; specific_fa +15,0,unchanged_bad
BA_0220,BA,Senhor do Bonfim,Hospital Dr. Antonio Monteiro,"Hospital Dom Antonio Monteiro - Praça Duque de Caxias, 172 - Centro, Sr. do Bonfim - BA, 48970-000, Brasil",-10.4614286,-40.1832353,ChIJj-RnVlRYbQcRMUOkc3wmH68,115,,addr_muni_state,"Praça Duque de Caxias, 172 – Centro, Senhor do Bonfim, BAHIA, Brasil","Hospital Dom Antonio Monteiro - Praça Duque de Caxias, 172 - Centro, Sr. do Bonfim - BA, 48970-000, Brasil",-10.4617027,-40.1831754,ChIJUQmx_lRYbQcR8TAivFPpn-0,false,GEOMETRIC_CENTER,95,in_brazil +50; state_match(BA) +40; muni_not_in_fa -30; loc_type=GEOMETRIC_CENTER +20; specific_fa +15,-20,unchanged_bad
CE_0022,CE,Irapuã Pinheiro,Hospital Municipal São Bernardo,"Dep. Irapuan Pinheiro - CE, 63645-000, Brasil",-5.9180899,-39.2669146,ChIJmS7bfgXXvAcRJpfyfAt7KMY,45,,unit_muni_state,"Hospital Municipal São Bernardo, Irapuã Pinheiro, CEARÁ, Brasil","Rua José Josué Costa, s/n - Dep. Irapuan Pinheiro, CE, 63645-000, Brasil",-5.916556099999999,-39.2655129,ChIJDewgRF3XvAcRRoqYbbm2eTs,false,ROOFTOP,75,in_brazil +50; state_unknown; muni_not_in_fa -30; loc_type=ROOFTOP +40; specific_fa +15,30,improved_but_still_review
CE_0041,CE,Senador Pompeu,Hospital e Maternidade Santa Isabel,"Av. Joaquim Ferreira de Magalhães, 997 - Centro, Sen. Pompeu - CE, 63600-000, Brasil",-5.5931044,-39.3765445,ChIJCYhvda8DvQcR3u5xebxy2oQ,115,,unit_muni_state,"Hospital e Maternidade Santa Isabel, Senador Pompeu, CEARÁ, Brasil","Av. Joaquim Ferreira de Magalhães, 997 - Centro, Sen. Pompeu - CE, 63600-000, Brasil",-5.5931044,-39.3765445,ChIJCYhvda8DvQcR3u5xebxy2oQ,false,ROOFTOP,115,in_brazil +50; state_match(CE) +40; muni_not_in_fa -30; loc_type=ROOFTOP +40; specific_fa +15,0,unchanged_bad
DF_0001,DF,Brasília - Asa Norte,Hospital Regional da Asa Norte - HRAN,"1310 - SMHN Q 2 - Asa Norte, Brasília - DF, 70740-610, Brasil",-15.7850532,-47.8827527,ChIJV7jJ9P06WpMRAr0rqJg4J1s,115,,unit_muni_state,"Hospital Regional da Asa Norte - HRAN, Brasília - Asa Norte, DISTRITO FEDERAL, Brasil","1310 - SMHN Q 2 - Asa Norte, Brasília - DF, 70740-610, Brasil",-15.7850532,-47.8827527,ChIJV7jJ9P06WpMRAr0rqJg4J1s,true,ROOFTOP,115,in_brazil +50; state_match(DF) +40; muni_not_in_fa -30; loc_type=ROOFTOP +40; specific_fa +15,0,unchanged_bad
DF_0002,DF,Brasília - Asa Sul,Hospital Materno Infantil de Brasília - HMIB,"Av. L2 Sul - SGAS II Quadra 608 Módulo A - Asa Sul, Brasília - DF, 70203-900, Brasil",-15.8238787,-47.8970194,ChIJW-eUhzMlWpMRLDb7ev-W02I,115,,unit_muni_state,"Hospital Materno Infantil de Brasília - HMIB, Brasília - Asa Sul, DISTRITO FEDERAL, Brasil","Av. L2 Sul - SGAS II Quadra 608 Módulo A - Asa Sul, Brasília - DF, 70203-900, Brasil",-15.8238787,-47.8970194,ChIJW-eUhzMlWpMRLDb7ev-W02I,true,ROOFTOP,115,in_brazil +50; state_match(DF) +40; muni_not_in_fa -30; loc_type=ROOFTOP +40; specific_fa +15,0,unchanged_bad
ES_0047,ES,Presidente Kennedy,Pronto Atendimento Municipal de Presidente Kennedy - PAM,"R. Sebastião Vieira Menezes, 100 - CENTRO, Pres. Kennedy - ES, 29350-000, Brasil",-21.1011228,-41.04506749999999,ChIJVeW_pw5MuQAR2E23pcU2d50,115,,unit_muni_state,"Pronto Atendimento Municipal de Presidente Kennedy - PAM, Presidente Kennedy, ESPÍRITO SANTO, Brasil","R. Sebastião Vieira Menezes, 100 - CENTRO, Pres. Kennedy - ES, 29350-000, Brasil",-21.1011228,-41.04506749999999,ChIJVeW_pw5MuQAR2E23pcU2d50,true,ROOFTOP,115,in_brazil +50; state_match(ES) +40; muni_not_in_fa -30; loc_type=ROOFTOP +40; specific_fa +15,0,unchanged_bad
GO_0068,GO,Planaltina de Goiás,Hospital Municipal Materno Infantil Santa Rita de Cassia,"Av. Pedro Ludovico, 108 - Leste, Planaltina - GO, 73752-418, Brasil",-15.4617351,-47.6033576,ChIJo3-40xxwWpMRHnm83kIKiL4,115,,unit_muni_state,"Hospital Municipal Materno Infantil Santa Rita de Cassia, Planaltina de Goiás, GOIÁS, Brasil","Av. Pedro Ludovico, 108 - Leste, Planaltina - GO, 73752-418, Brasil",-15.4617351,-47.6033576,ChIJo3-40xxwWpMRHnm83kIKiL4,false,ROOFTOP,115,in_brazil +50; state_match(GO) +40; muni_not_in_fa -30; loc_type=ROOFTOP +40; specific_fa +15,0,unchanged_bad
GO_0077,GO,São Domingos,Hospital Municipal de São Domingos,"St. Sao Sebastiao, Trindade - GO, 75389-857, Brasil",-16.6821241,-49.4733236,ChIJA8_k37NdXpMRoNa_E7gR1Ss,75,,unit_addr_muni_state,"Hospital Municipal de São Domingos, Rua Pedro Matias dos Santos, Qd 10, Lt 01-04 - Setor São Sebastião, São Domingos, GOIÁS, Brasil","R. Pedro Matias dos Santos, 89 - 1, São Domingos - GO, 73860-000, Brasil",-13.4101433,-46.3018149,ChIJlRPbl-2lTpMRinT6HnbZld0,true,ROOFTOP,175,in_brazil +50; state_match(GO) +40; muni_in_fa +30; loc_type=ROOFTOP +40; specific_fa +15,100,improved_confidently
MA_0020,MA,BARÃO DE GRAJAU,Hospital Municipal Barjonas Lobão,"BR-230, KM 4,5 S/N - SETOR INDUSTRIAL, Balsas - MA, 65800-000, Brasil",-7.519913099999998,-46.0533672,ChIJq922hH7v1ZIRqlvUMJyWpAk,115,,addr_muni_state,"Avenida BR 230 KM 04, S/N Centro, BARÃO DE GRAJAU, MARANHÃO, Brasil","BR-230, KM 4,5 S/N - SETOR INDUSTRIAL, Balsas - MA, 65800-000, Brasil",-7.519913099999998,-46.0533672,ChIJq922hH7v1ZIRqlvUMJyWpAk,false,ROOFTOP,115,in_brazil +50; state_match(MA) +40; muni_not_in_fa -30; loc_type=ROOFTOP +40; specific_fa +15,0,unchanged_bad
MA_0043,MA,CONCEIÇÃO DO LAGO AÇU,Hospital Municipal Manoel Melo de Matos,"AVENIDA PRINCIPAL, S/N - CENTRO, Conceição do Lago-Açu - MA, 65340-000, Brasil",-3.840543,-44.8960686,ChIJc3M-FY2YigcRpVEN-P68ekE,115,,unit_muni_state,"Hospital Municipal Manoel Melo de Matos, CONCEIÇÃO DO LAGO AÇU, MARANHÃO, Brasil","AVENIDA PRINCIPAL, S/N - CENTRO, Conceição do Lago-Açu - MA, 65340-000, Brasil",-3.840543,-44.8960686,ChIJc3M-FY2YigcRpVEN-P68ekE,false,ROOFTOP,115,in_brazil +50; state_match(MA) +40; muni_not_in_fa -30; loc_type=ROOFTOP +40; specific_fa +15,0,unchanged_bad
MA_0056,MA,GOV. LUIS ROCHA,Hospital Municipal Pedro Ferreira Calado,"Tv. Juscelino Kubistchek Dois, Gov. Luiz Rocha - MA, 65795-000, Brasil",-5.474301899999999,-44.0720335,ChIJ6_O11Du9iAcR-03Jqwpchxs,90,,addr_muni_state,"Praça Presidente Jucelino, GOV. LUIS ROCHA, MARANHÃO, Brasil","Praça Pres. Jucelino, Gov. Luiz Rocha - MA, 65795-000, Brasil",-5.4743204,-44.072075,ChIJA1zS1Tu9iAcRQ7LGHN7vS5M,false,GEOMETRIC_CENTER,95,in_brazil +50; state_match(MA) +40; muni_not_in_fa -30; loc_type=GEOMETRIC_CENTER +20; specific_fa +15,5,improved_but_still_review
MA_0102,MA,PINDARÉ MIRIM,Hospital e Maternidade José Sarney,"R. Elías Haickel, Pindaré-Mirim - MA, 65370-000, Brasil",-3.6052413,-45.3414978,ChIJeyxwXSmeypIR7YlnzL3ubTw,90,,addr_muni_state,"AV ELIAS HAICKEL, PINDARÉ MIRIM, MARANHÃO, Brasil","R. Elías Haickel, Pindaré-Mirim - MA, 65370-000, Brasil",-3.6052413,-45.3414978,ChIJeyxwXSmeypIR7YlnzL3ubTw,false,GEOMETRIC_CENTER,95,in_brazil +50; state_match(MA) +40; muni_not_in_fa -30; loc_type=GEOMETRIC_CENTER +20; specific_fa +15,5,improved_but_still_review
MA_0104,MA,PRESIDENTE DUTRA,Hosp. Macrorregional de Urgência e Emergência de Presidente Dutra (SOCORRÃO),"R. Hónorato Gomes, Pres. Dutra - MA, 65760-000, Brasil",-5.2917451,-44.4907241,ChIJla10BsldiAcRvEYBtyMWMY0,90,,addr_muni_state,"Rua Honorato Gomes, S/N Centro, PRESIDENTE DUTRA, MARANHÃO, Brasil","R. Hónorato Gomes, Pres. Dutra - MA, 65760-000, Brasil",-5.2917451,-44.4907241,ChIJla10BsldiAcRvEYBtyMWMY0,false,GEOMETRIC_CENTER,95,in_brazil +50; state_match(MA) +40; muni_not_in_fa -30; loc_type=GEOMETRIC_CENTER +20; specific_fa +15,5,improved_but_still_review
MA_0105,MA,PRESIDENTE VARGAS,Hospial Municipal Carlos Vidal da Silva,"R. São Jorge, Pres. Vargas - MA, 65455-000, Brasil",-3.4052465,-44.0215087,ChIJn4hdWQC-9AcRlVoUH78znQU,90,,addr_muni_state,"Av. Pio XII, S/N Centro, PRESIDENTE VARGAS, MARANHÃO, Brasil","Av. Pio XII, Pres. Vargas - MA, 65455-000, Brasil",-3.408103,-44.028327,ChIJ7x6wJgW-9AcRUd_cha0aFXA,false,GEOMETRIC_CENTER,95,in_brazil +50; state_match(MA) +40; muni_not_in_fa -30; loc_type=GEOMETRIC_CENTER +20; specific_fa +15,5,improved_but_still_review
MA_0132,MA,SÃO PREDRO DOS CRENTES,Hospital Amancio Coutinho,"RUA ANTONIO FELIZMINO, S/N - SETOR TAVARES, São Pedro dos Crentes - MA, 65978-000, Brasil",-6.8242864,-46.5322758,ChIJ2SY_vAvI1pIRRv94W2S1gfk,115,,unit_muni_state,"Hospital Amancio Coutinho, SÃO PREDRO DOS CRENTES, MARANHÃO, Brasil","RUA ANTONIO FELIZMINO, S/N - SETOR TAVARES, São Pedro dos Crentes - MA, 65978-000, Brasil",-6.8242864,-46.5322758,ChIJ2SY_vAvI1pIRRv94W2S1gfk,true,ROOFTOP,115,in_brazil +50; state_match(MA) +40; muni_not_in_fa -30; loc_type=ROOFTOP +40; specific_fa +15,0,unchanged_bad
MA_0138,MA,SENADOR ALEXANDRE COSTA,Hospital Municipal Maria José Machado,"R. Conego Aderson, Sen. Alexandre Costa - MA, 65783-000, Brasil",-5.2575402,-44.0555544,ChIJG6LsLh3DiAcR2FHBKWreFak,90,,addr_muni_state,"Rua Conego Aderson, S/N Centro, SENADOR ALEXANDRE COSTA, MARANHÃO, Brasil","R. Conego Aderson, Sen. Alexandre Costa - MA, 65783-000, Brasil",-5.2575402,-44.0555544,ChIJG6LsLh3DiAcR2FHBKWreFak,false,GEOMETRIC_CENTER,95,in_brazil +50; state_match(MA) +40; muni_not_in_fa -30; loc_type=GEOMETRIC_CENTER +20; specific_fa +15,5,improved_but_still_review
MA_0140,MA,SUCUPIRA DO NORTE,Hospital Municipal Augusto de Sousa Milhomem,"Pastos Bons - MA, 65870-000, Brasil",-6.488507599999999,-44.1886009,ChIJca76gfXFhgcR40TPeU9pWeM,60,,unit_muni_uf,"Hospital Municipal Augusto de Sousa Milhomem, SUCUPIRA DO NORTE - MA, Brasil","Pastos Bons - MA, 65870-000, Brasil",-6.488507599999999,-44.1886009,ChIJca76gfXFhgcR40TPeU9pWeM,false,GEOMETRIC_CENTER,65,in_brazil +50; state_match(MA) +40; muni_not_in_fa -30; loc_type=GEOMETRIC_CENTER +20; generic_fa -15,5,improved_but_still_review
MG_0069,MG,Coroaci,P. A. Gentil Ferreira Oliveira,"Centro, Pouso Alegre - MG, 37550-000, Brasil",-22.229865,-45.9336873,ChIJC8ga0rDHy5QRyhtR1Ew4nvg,75,,unit_muni_state,"P. A. Gentil Ferreira Oliveira, Coroaci, MINAS GERAIS, Brasil","R. Gentil Ferreira de Oliveira - Coroaci, MG, 39710-000, Brasil",-18.6302308,-42.2840572,ChIJmdZuGV3qsQARbzCSlq2kNE8,true,GEOMETRIC_CENTER,110,in_brazil +50; state_unknown; muni_in_fa +30; loc_type=GEOMETRIC_CENTER +20; specific_fa +15; partial+non_rooftop -5,35,improved_but_still_review
MG_0071,MG,Coronel Fabriciano,UPA,"R. Raimundo Alves de Carvalho, 95 - Santa Terezinha II, Cel. Fabriciano - MG, 35171-140, Brasil",-19.524209,-42.6136089,ChIJPbhkbDlUpQAR2rUmQJcVL5Q,115,,unit_muni_state,"UPA, Coronel Fabriciano, MINAS GERAIS, Brasil","R. Equador, 468 - Caladinho, Cel. Fabriciano - MG, 35171-550, Brasil",-19.5220739,-42.6126219,ChIJPbhkbDlUpQAR2rUmQJcVL5Q,true,ROOFTOP,115,in_brazil +50; state_match(MG) +40; muni_not_in_fa -30; loc_type=ROOFTOP +40; specific_fa +15,0,unchanged_bad
MG_0101,MG,Governador Valadares,Hospital Municipal Governador Valadares,"R. Teófilo Otoní, 361 - Esplanada, Gov. Valadares - MG, 35020-600, Brasil",-18.853806,-41.939943,ChIJo1Ck1gynsQARUGdPiFWpjIg,115,,unit_muni_state,"Hospital Municipal Governador Valadares, Governador Valadares, MINAS GERAIS, Brasil","R. Teófilo Otoní, 361 - Esplanada, Gov. Valadares - MG, 35020-600, Brasil",-18.853806,-41.939943,ChIJo1Ck1gynsQARUGdPiFWpjIg,false,ROOFTOP,115,in_brazil +50; state_match(MG) +40; muni_not_in_fa -30; loc_type=ROOFTOP +40; specific_fa +15,0,unchanged_bad
MG_0112,MG,Ipaiçu,Unidade Básica de Saúde Irene Theodoro de Oliveira,"Centro, Pirapora - MG, 39270-000, Brasil",-17.3490962,-44.947475,ChIJpeRkb6QLqgARs5JaxmgYsGw,75,,unit_addr_muni_state,"Unidade Básica de Saúde Irene Theodoro de Oliveira, Rua Minas Gerais, 31 Centro, Ipaiçu, MINAS GERAIS, Brasil","R. Minas Gerais, 31 - Nossa Sra. Aparecida, Pirapora - MG, 39270-000, Brasil",-17.3455715,-44.9530641,ChIJkyHtgqgLqgARZi_LF-oqVTQ,true,ROOFTOP,115,in_brazil +50; state_match(MG) +40; muni_not_in_fa -30; loc_type=ROOFTOP +40; specific_fa +15,40,improved_but_still_review
MG_0126,MG,Itanhomi,Hospital São Vicente de Paulo,"São Vicente de Paula, Barbacena - MG, Brasil",-21.226742,-43.8066893,ChIJY_D7OreKoQARJfxbMo-1zVY,45,,addr_muni_state,"Rua JK, 574 - Centro, Itanhomi, MINAS GERAIS, Brasil","Av. Juscelino Kubitscheck, 574 - CENTRO, Itanhomi - MG, 35120-000, Brasil",-19.1683677,-41.8601984,ChIJvd0Fhz_5sAARWlUrzTBici8,true,ROOFTOP,175,in_brazil +50; state_match(MG) +40; muni_in_fa +30; loc_type=ROOFTOP +40; specific_fa +15,130,improved_confidently
MG_0140,MG,João Molevade,Hospital Margarida,"R. Dr. Geraldo Soares de Sá, S/N - Vila Tanque, João Monlevade - MG, 35930-437, Brasil",-19.8289624,-43.1438499,ChIJc2TE6RkHpQARboFWj6ybWpg,115,,unit_muni_state,"Hospital Margarida, João Molevade, MINAS GERAIS, Brasil","R. Dr. Geraldo Soares de Sá, S/N - Vila Tanque, João Monlevade - MG, 35930-437, Brasil",-19.8289624,-43.1438499,ChIJc2TE6RkHpQARboFWj6ybWpg,true,ROOFTOP,115,in_brazil +50; state_match(MG) +40; muni_not_in_fa -30; loc_type=ROOFTOP +40; specific_fa +15,0,unchanged_bad
MG_0218,MG,Ponte Nova,Hospital Arnaldo Gavazza,"Av. Dr. José Grossi - Guarapiranga, Pte. Nova - MG, 35430-213, Brasil",-20.4056064,-42.8910878,ChIJ9xEwZEOWpAARvIrv5uqtea8,95,,addr_muni_state,"Av. Dr. José Grossi, 16 - Guarapiranga, Ponte Nova, MINAS GERAIS, Brasil","Av. Dr. José Grossi, 16 - Guarapiranga, Pte. Nova - MG, 35430-213, Brasil",-20.4056904,-42.8910012,ChIJq6r6cEOWpAARqaK3Qigvqms,false,ROOFTOP,115,in_brazil +50; state_match(MG) +40; muni_not_in_fa -30; loc_type=ROOFTOP +40; specific_fa +15,20,improved_but_still_review
MG_0223,MG,Presidente Bernardes,Hospital Municipal Santo Antônio,"Av. Juca Quintão, 82, Pres. Bernardes - MG, 36475-000, Brasil",-20.7678285,-43.1810918,ChIJw4TfXBieowAROhCLI2z-Qko,115,,unit_muni_state,"Hospital Municipal Santo Antônio, Presidente Bernardes, MINAS GERAIS, Brasil","Av. Juca Quintão, 82, Pres. Bernardes - MG, 36475-000, Brasil",-20.7678285,-43.1810918,ChIJw4TfXBieowAROhCLI2z-Qko,false,ROOFTOP,115,in_brazil +50; state_match(MG) +40; muni_not_in_fa -30; loc_type=ROOFTOP +40; specific_fa +15,0,unchanged_bad
MG_0224,MG,Presidente Olegário,Hospital Municipal Darci José Fernandes,"Praça José Batista Marra, s/n - Centro, Pres. Olegário - MG, 38750-000, Brasil",-18.4193205,-46.42039279999999,ChIJLTAqXJWRrpQRUOJN2lvlpSY,115,,unit_muni_state,"Hospital Municipal Darci José Fernandes, Presidente Olegário, MINAS GERAIS, Brasil","Praça José Batista Marra, s/n - Centro, Pres. Olegário - MG, 38750-000, Brasil",-18.4193205,-46.42039279999999,ChIJLTAqXJWRrpQRUOJN2lvlpSY,false,ROOFTOP,115,in_brazil +50; state_match(MG) +40; muni_not_in_fa -30; loc_type=ROOFTOP +40; specific_fa +15,0,unchanged_bad
MG_0236,MG,S. Sebastião do Paraíso,Sta. Casa de Misericórdia,"Praça Comendador João Pio Figueiredo Westin, 92 - Centro, São Sebastião do Paraíso - MG, 37950-000, Brasil",-20.9260382,-46.98346249999999,ChIJEcipL2MXt5QRouKzBO3OX78,115,,addr_muni_state,"Praça Com. João Pio F. Westin 92 - Mocoquinha, S. Sebastião do Paraíso, MINAS GERAIS, Brasil","Praça Comendador João Pio Figueiredo Westin, 92 - Centro, São Sebastião do Paraíso - MG, 37950-000, Brasil",-20.9260382,-46.98346249999999,ChIJEcipL2MXt5QRouKzBO3OX78,true,ROOFTOP,115,in_brazil +50; state_match(MG) +40; muni_not_in_fa -30; loc_type=ROOFTOP +40; specific_fa +15,0,unchanged_bad
MG_0246,MG,Santo Antônio de Jacinto,UBS de Santo Antônio do Jacinto,"R. Beira Rio, 354 - Santo Antônio do Jacinto, MG, 39935-000, Brasil",-16.5392264,-40.1729593,ChIJ_4SLZuIaSgcRMI707Rx50E4,75,,addr_muni_state,"Rua Beira Rio, 354, Santo Antônio de Jacinto, MINAS GERAIS, Brasil","R. Beira Rio, 354 - Santo Antônio do Jacinto, MG, 39935-000, Brasil",-16.5392264,-40.1729593,ChIJ_4SLZuIaSgcRMI707Rx50E4,false,ROOFTOP,75,in_brazil +50; state_unknown; muni_not_in_fa -30; loc_type=ROOFTOP +40; specific_fa +15,0,unchanged_bad
MG_0259,MG,São José de Safira,PSF Maria Ribeiro Figueiredo,"R. Sra. Aparecida, 43 - Sao Jose Da Safira, São José da Safira - MG, 39785-000, Brasil",-18.325985,-42.148264,ChIJG5U74rcmsgARbIZT_m4B5a4,115,,addr_muni_state,"Rua Senhora Aparecida, 43, Centro, São José de Safira, MINAS GERAIS, Brasil","R. Sra. Aparecida, 43 - Sao Jose Da Safira, São José da Safira - MG, 39785-000, Brasil",-18.325985,-42.148264,ChIJG5U74rcmsgARbIZT_m4B5a4,false,ROOFTOP,115,in_brazil +50; state_match(MG) +40; muni_not_in_fa -30; loc_type=ROOFTOP +40; specific_fa +15,0,unchanged_bad
MG_0267,MG,Senador Firmino,Hospital São João de Deus,"R. Pio XII, 15, Sen. Firmino - MG, 36540-000, Brasil",-20.9160577,-43.0982615,ChIJDWrkR_YLowARjrTN0rAfm1g,115,,unit_muni_state,"Hospital São João de Deus, Senador Firmino, MINAS GERAIS, Brasil","R. Pio XII, 15, Sen. Firmino - MG, 36540-000, Brasil",-20.9160577,-43.0982615,ChIJDWrkR_YLowARjrTN0rAfm1g,false,ROOFTOP,115,in_brazil +50; state_match(MG) +40; muni_not_in_fa -30; loc_type=ROOFTOP +40; specific_fa +15,0,unchanged_bad
MG_0279,MG,Tumiritinga,Centro Municipal de Saude,"Praça Tiradentes, 58 - Centro, Belo Horizonte - MG, 30130-005, Brasil",-19.929816,-43.9322935,EkZQcmHDp2EgVGlyYWRlbnRlcywgNTggLSBDZW50cm8sIEJlbG8gSG9yaXpvbnRlIC0gTUcsIDMwMTMwLTAwNSwgQnJhemlsIjASLgoUChIJ2egGT-iZpgARC4k5UgVL3tkQOioUChIJn2fzUuiZpgARJIEdj-hYLHc,95,,unit_muni_uf,"Centro Municipal de Saude, Tumiritinga - MG, Brasil","Tumiritinga - MG, Brasil",-18.9785395,-41.6412916,ChIJSynLTJscsQARv7inFbll62g,true,APPROXIMATE,105,in_brazil +50; state_match(MG) +40; muni_in_fa +30; loc_type=APPROXIMATE +5; generic_fa -15; partial+non_rooftop -5,10,improved_but_still_review
MG_0295,MG,Visconde do Rio Branco,Hospital São João Batista,"Praça Jorge Carone Filho, 806 - Centro, Visc. do Rio Branco - MG, 36520-000, Brasil",-21.0207784,-42.8418157,ChIJZUW5Dts9owARxjTyCkcekos,115,,unit_muni_state,"Hospital São João Batista, Visconde do Rio Branco, MINAS GERAIS, Brasil","Praça Jorge Carone Filho, 806 - Centro, Visc. do Rio Branco - MG, 36520-000, Brasil",-21.0207784,-42.8418157,ChIJZUW5Dts9owARxjTyCkcekos,false,ROOFTOP,115,in_brazil +50; state_match(MG) +40; muni_not_in_fa -30; loc_type=ROOFTOP +40; specific_fa +15,0,unchanged_bad
MS_0022,MS,Coronel Sapucaia,Hosp. Mun. Aparecido Vidal Garcia,"Jardim do Lago, Aparecida do Taboado - MS, 79570-000, Brasil",-20.0947907,-51.0951832,ChIJIQGkN62WmZQR4H_Fq01nInw,75,,unit_muni_state,"Hosp. Mun. Aparecido Vidal Garcia, Coronel Sapucaia, MATO GROSSO DO SUL, Brasil","R. Aparecido Ribeiro da Silva, Cel. Sapucaia - MS, 79995-000, Brasil",-23.2573127,-55.5197377,ChIJba9QCm7gYZQRUrvxylVCSuE,true,GEOMETRIC_CENTER,90,in_brazil +50; state_match(MS) +40; muni_not_in_fa -30; loc_type=GEOMETRIC_CENTER +20; specific_fa +15; partial+non_rooftop -5,15,improved_but_still_review
MS_0059,MS,São Gabriel d'Oeste,Hospital Municipal José Valdir Antunes de Oliveira,"R. João E. Rosa, 1156 - Lot. Capao Redondo II, São Gabriel do Oeste - MS, 79490-000, Brasil",-19.3940223,-54.5808318,ChIJ6VcTrXengZQR3VQMzGu4DAo,115,,unit_muni_state,"Hospital Municipal José Valdir Antunes de Oliveira, São Gabriel d'Oeste, MATO GROSSO DO SUL, Brasil","R. João E. Rosa, 1156 - Lot. Capao Redondo II, São Gabriel do Oeste - MS, 79490-000, Brasil",-19.3940223,-54.5808318,ChIJ6VcTrXengZQR3VQMzGu4DAo,true,ROOFTOP,115,in_brazil +50; state_match(MS) +40; muni_not_in_fa -30; loc_type=ROOFTOP +40; specific_fa +15,0,unchanged_bad
MT_0038,MT,General Carneiro,Hospital Municipal Bonifácio Ribeiro Vilela,"Av. Rachide Mamede, 1 - Gen. Carneiro, MT, 78620-000, Brasil",-15.7076577,-52.7576573,EjxBdi4gUmFjaGlkZSBNYW1lZGUsIDEgLSBHZW4uIENhcm5laXJvLCBNVCwgNzg2MjAtMDAwLCBCcmF6aWwiMBIuChQKEglnbWzqxQNwkxHx8eEM1kfAghABKhQKEgnTGDXSxQNwkxFBZ1Z5cI0d_w,55,,addr_muni_state,"Rua Rachid Jaude Mamede, 1.000-centro, General Carneiro, MATO GROSSO, Brasil","Av. Rachide Mamede, 1 - Gen. Carneiro, MT, 78620-000, Brasil",-15.7076577,-52.7576573,EjxBdi4gUmFjaGlkZSBNYW1lZGUsIDEgLSBHZW4uIENhcm5laXJvLCBNVCwgNzg2MjAtMDAwLCBCcmF6aWwiMBIuChQKEglnbWzqxQNwkxHx8eEM1kfAghABKhQKEgnTGDXSxQNwkxFBZ1Z5cI0d_w,true,RANGE_INTERPOLATED,55,in_brazil +50; state_unknown; muni_not_in_fa -30; loc_type=RANGE_INTERPOLATED +25; specific_fa +15; partial+non_rooftop -5,0,unchanged_bad
MT_0072,MT,Ponte Branca,Hospital MunicipalBom Jesus,"R. Pres. Dutra, Pte. Branca - MT, 78610-000, Brasil",-16.7675977,-52.8367876,ChIJTS8YFM43e5MRwgkJvmpmzD8,90,,unit_muni_state,"Hospital MunicipalBom Jesus, Ponte Branca, MATO GROSSO, Brasil","R. Pres. Dutra, Pte. Branca - MT, 78610-000, Brasil",-16.7675977,-52.8367876,ChIJTS8YFM43e5MRwgkJvmpmzD8,false,GEOMETRIC_CENTER,95,in_brazil +50; state_match(MT) +40; muni_not_in_fa -30; loc_type=GEOMETRIC_CENTER +20; specific_fa +15,5,improved_but_still_review
MT_0086,MT,Rosário Oeste,Unidade de Pronto Atendimento,"R. Mal. Deodoro da Fonseca - Centro Norte, Várzea Grande - MT, 78135-730, Brasil",-15.6631609,-56.1216301,ElFSLiBNYWwuIERlb2Rvcm8gZGEgRm9uc2VjYSAtIENlbnRybyBOb3J0ZSwgVsOhcnplYSBHcmFuZGUgLSBNVCwgNzgxMzUtNzMwLCBCcmF6aWwiLiosChQKEgkbZgTG0q2dkxHepPf5A_J_oRIUChIJr_v-neutnZMRIIvb7_q11B8,90,,addr_muni_state,"Rua marechal Deodoro da Fonseca,925, Centro., Rosário Oeste, MATO GROSSO, Brasil","R. Mal. Deodoro - Rosário Oeste, MT, 78480-000, Brasil",-14.8337742,-56.4292463,ChIJXUy4KOPsnpMR6nxyiSxztsE,true,GEOMETRIC_CENTER,110,in_brazil +50; state_unknown; muni_in_fa +30; loc_type=GEOMETRIC_CENTER +20; specific_fa +15; partial+non_rooftop -5,20,improved_but_still_review
MT_0095,MT,Serra Nova do Norte,Centro de Saúde,"R. Açaí, Serra Nova Dourada - MT, 78668-000, Brasil",-12.0877194,-51.4005686,ChIJybIXDDD0E5MRFTjzkwlJhDE,90,,addr_muni_state,"Rua Açai,s/n,– Serra Nova Dourada – CEP: 78668-000, Serra Nova do Norte, MATO GROSSO, Brasil","R. Açaí, Serra Nova Dourada - MT, 78668-000, Brasil",-12.0877194,-51.4005686,ChIJybIXDDD0E5MRFTjzkwlJhDE,false,GEOMETRIC_CENTER,95,in_brazil +50; state_match(MT) +40; muni_not_in_fa -30; loc_type=GEOMETRIC_CENTER +20; specific_fa +15,5,improved_but_still_review
PA_0006,PA,Almerim,Hospital Municipal Monte Dourado,"Monte Dourado, Almeirim - PA, 68230-000, Brasil",-0.8678172,-52.5349937,ChIJRbSK9oSvnJIRYe8ytcC734c,75,,unit_muni_uf,"Hospital Municipal Monte Dourado, Almerim - PA, Brasil","Av. Daniel Keith Ludwig - Monte Dourado, Almeirim - PA, 68230-000, Brasil",-0.8621363999999999,-52.5412039,ChIJP4B3wI-vnJIR8Jjv2YLBXg0,true,GEOMETRIC_CENTER,90,in_brazil +50; state_match(PA) +40; muni_not_in_fa -30; loc_type=GEOMETRIC_CENTER +20; specific_fa +15; partial+non_rooftop -5,15,improved_but_still_review
PA_0007,PA,Almerim,Hospital Municipal de Almerim,"Almeirim - PA, 68230-000, Brasil",-1.5281465,-52.5772966,ChIJPd1CB9zJfY0RyQ7oLyTtXms,45,,unit_muni_uf,"Hospital Municipal de Almerim, Almerim - PA, Brasil","-532 - R. Lameira Bitencourt, 440 - Almeirim, PA, 68230-000, Brasil",-1.5290193,-52.5818569,ChIJbd1RjyPRmpIRizrYm1Ecat4,true,ROOFTOP,75,in_brazil +50; state_unknown; muni_not_in_fa -30; loc_type=ROOFTOP +40; specific_fa +15,30,improved_but_still_review
PA_0067,PA,Eldorado dos Carajás,Hospital Municipal de Eldorado dos Carajás,"R. Oziel Carneiro, 200, Eldorado do Carajás - PA, 68524-000, Brasil",-6.1044081,-49.3801228,ChIJTec3Nxon3ZIR67xbKFhAClI,115,,unit_muni_state,"Hospital Municipal de Eldorado dos Carajás, Eldorado dos Carajás, PARÁ, Brasil","R. Oziel Carneiro, 200, Eldorado do Carajás - PA, 68524-000, Brasil",-6.1044081,-49.3801228,ChIJTec3Nxon3ZIR67xbKFhAClI,false,ROOFTOP,115,in_brazil +50; state_match(PA) +40; muni_not_in_fa -30; loc_type=ROOFTOP +40; specific_fa +15,0,unchanged_bad
PA_0118,PA,Piçarras,Unidade Mista de Saúde de Piçarras,"274, - R. João Abreu Rangel, 138, Piçarra - PA, 68575-000, Brasil",-6.4424226,-48.8614969,ChIJw9dtaSB93JIRjWG6kSdt7kc,115,,unit_muni_state,"Unidade Mista de Saúde de Piçarras, Piçarras, PARÁ, Brasil","274, - R. João Abreu Rangel, 138, Piçarra - PA, 68575-000, Brasil",-6.4424226,-48.8614969,ChIJw9dtaSB93JIRjWG6kSdt7kc,true,ROOFTOP,115,in_brazil +50; state_match(PA) +40; muni_not_in_fa -30; loc_type=ROOFTOP +40; specific_fa +15,0,unchanged_bad
PA_0157,PA,Senador José Porfírio,Hospital Municipal de Senador José Porfirio,"R. 7 de Setembro, Sen. José Porfírio - PA, 68360-000, Brasil",-2.591632,-51.9528869,ChIJjRHgoNwIkZIRNj6IN4UpFw0,90,,unit_muni_state,"Hospital Municipal de Senador José Porfirio, Senador José Porfírio, PARÁ, Brasil","R. Sete de Setembro, 320-478, Sen. José Porfírio - PA, 68360-000, Brasil",-2.5905658,-51.9520537,ChIJ15Us74oJkZIR-MA2FjPy5f0,true,ROOFTOP,115,in_brazil +50; state_match(PA) +40; muni_not_in_fa -30; loc_type=ROOFTOP +40; specific_fa +15,25,improved_but_still_review
PA_0160,PA,Terra Santa,Hospital Municipal Frei Eliseu Eismann,"R. Frei Eliseu Eisman, Faro - PA, 68280-000, Brasil",-2.1677392,-56.739204,ChIJ_4_TV9hPY5IRDXb5uokUZLY,90,,unit_muni_state,"Hospital Municipal Frei Eliseu Eismann, Terra Santa, PARÁ, Brasil","Terra Santa - PA, 68285-000, Brasil",-2.1045652,-56.4881551,ChIJf-Fcx3PFfJIR77EmnPjaJvQ,true,APPROXIMATE,105,in_brazil +50; state_match(PA) +40; muni_in_fa +30; loc_type=APPROXIMATE +5; generic_fa -15; partial+non_rooftop -5,15,improved_but_still_review
PR_0003,PR,Almirante Tamandaré,Unidade de Saúde 24 horas Almirante Tamandaré,"R. Lourenço Ângelo Buzato, 92 - Vila Santa Terezinha, Alm. Tamandaré - PR, 83501-080, Brasil",-25.3134484,-49.2988394,ChIJfamTSG_e3JQR3pEc1iuS4Cg,115,,unit_muni_state,"Unidade de Saúde 24 horas Almirante Tamandaré, Almirante Tamandaré, PARANÁ, Brasil","R. Lourenço Ângelo Buzato, 92 - Vila Santa Terezinha, Alm. Tamandaré - PR, 83501-080, Brasil",-25.3134484,-49.2988394,ChIJfamTSG_e3JQR3pEc1iuS4Cg,true,ROOFTOP,115,in_brazil +50; state_match(PR) +40; muni_not_in_fa -30; loc_type=ROOFTOP +40; specific_fa +15,0,unchanged_bad
PR_0025,PR,Campo do Tenente,Pronto Atendimento 24 horas São Luiz,"R. Maria Clara Brandão Tesserolli, 89, Campo do Ten. - PR, 83870-000, Brasil",-25.9762163,-49.6828473,ChIJ9XTlVXi93ZQR2Rr7xC5C2fU,115,,unit_muni_state,"Pronto Atendimento 24 horas São Luiz, Campo do Tenente, PARANÁ, Brasil","R. Maria Clara Brandão Tesserolli, 89, Campo do Ten. - PR, 83870-000, Brasil",-25.9762163,-49.6828473,ChIJ9XTlVXi93ZQR2Rr7xC5C2fU,true,ROOFTOP,115,in_brazil +50; state_match(PR) +40; muni_not_in_fa -30; loc_type=ROOFTOP +40; specific_fa +15,0,unchanged_bad
PR_0048,PR,Coronel Vivida,Instituto Médico Nossa Vida de Coronel Vivida,"R. Duque de Caxias, 312 - Cel. Vivida, PR, 85550-000, Brasil",-25.977629,-52.5650698,EjxSLiBEdXF1ZSBkZSBDYXhpYXMsIDMxMiAtIENlbC4gVml2aWRhLCBQUiwgODU1NTAtMDAwLCBCcmF6aWwiMRIvChQKEgm71N9iKPrvlBFSMQKc-B1snBC4AioUChIJDRSm2iX675QRZxHaGZoRVeM,55,,addr_muni_state,"Rua Duque de Caxias, 312 - Centro, Coronel Vivida, PARANÁ, Brasil","R. Duque de Caxias, 312 - Cel. Vivida, PR, 85550-000, Brasil",-25.977629,-52.5650698,EjxSLiBEdXF1ZSBkZSBDYXhpYXMsIDMxMiAtIENlbC4gVml2aWRhLCBQUiwgODU1NTAtMDAwLCBCcmF6aWwiMRIvChQKEgm71N9iKPrvlBFSMQKc-B1snBC4AioUChIJDRSm2iX675QRZxHaGZoRVeM,false,RANGE_INTERPOLATED,60,in_brazil +50; state_unknown; muni_not_in_fa -30; loc_type=RANGE_INTERPOLATED +25; specific_fa +15,5,improved_but_still_review
PR_0049,PR,Coronel Vivida,UPA I Unidade de Pronto Atendimento de Coronel Vivida,"R. Romário Martins, 154 - Centro, Cel. Vivida - PR, 85550-000, Brasil",-25.9830325,-52.5650257,ChIJtY1e_Y7575QRgxfj_CV9Muk,115,,unit_muni_state,"UPA I Unidade de Pronto Atendimento de Coronel Vivida, Coronel Vivida, PARANÁ, Brasil","R. Romário Martins, 154 - Centro, Cel. Vivida - PR, 85550-000, Brasil",-25.9830325,-52.5650257,ChIJtY1e_Y7575QRgxfj_CV9Muk,false,ROOFTOP,115,in_brazil +50; state_match(PR) +40; muni_not_in_fa -30; loc_type=ROOFTOP +40; specific_fa +15,0,unchanged_bad
PR_0063,PR,Doutor Ulysses,Pronto Atendimento Deputado Aníbal Khury,"Av. São João Batista, Dr. Ulysses - PR, 83590-000, Brasil",-24.56806,-49.420338,EjtBdi4gU8OjbyBKb8OjbyBCYXRpc3RhLCBEci4gVWx5c3NlcyAtIFBSLCA4MzU5MC0wMDAsIEJyYXppbCIuKiwKFAoSCSEQp9Dx_MKUEZop5JgThk5MEhQKEgn73CQc8PzClBEwNhZRxwXJ_g,90,,addr_muni_state,"Avenida São João Batista, s/n - Centro, Doutor Ulysses, PARANÁ, Brasil","Av. São João Batista, Dr. Ulysses - PR, 83590-000, Brasil",-24.56806,-49.420338,EjtBdi4gU8OjbyBKb8OjbyBCYXRpc3RhLCBEci4gVWx5c3NlcyAtIFBSLCA4MzU5MC0wMDAsIEJyYXppbCIuKiwKFAoSCSEQp9Dx_MKUEZop5JgThk5MEhQKEgn73CQc8PzClBEwNhZRxwXJ_g,false,GEOMETRIC_CENTER,95,in_brazil +50; state_match(PR) +40; muni_not_in_fa -30; loc_type=GEOMETRIC_CENTER +20; specific_fa +15,5,improved_but_still_review
PR_0064,PR,Engenheiro Beltrão,Santa Casa de Misericordia de Engenheiro Beltrâo,"Av. Ivaí, 864 - centro, Eng. Beltrão - PR, 87270-000, Brasil",-23.7980224,-52.2551589,ChIJx_RQeAAR7ZQRSbD92gc3O7k,115,,unit_muni_state,"Santa Casa de Misericordia de Engenheiro Beltrâo, Engenheiro Beltrão, PARANÁ, Brasil","Av. Ivaí, 864 - centro, Eng. Beltrão - PR, 87270-000, Brasil",-23.7980224,-52.2551589,ChIJx_RQeAAR7ZQRSbD92gc3O7k,false,ROOFTOP,115,in_brazil +50; state_match(PR) +40; muni_not_in_fa -30; loc_type=ROOFTOP +40; specific_fa +15,0,unchanged_bad
PR_0070,PR,General Carneiro,Pronto Atendimento de General Carneiro,"R. Pres. Castelo Branco, 497 - MONTE CASTELO, Gen. Carneiro - PR, 84660-000, Brasil",-26.4217486,-51.31041159999999,ChIJoXQMCE6C5pQR19MBR6am2VQ,115,,addr_muni_state,"Rua Presidente Castelo Branco, 497 - Monte Castelo, General Carneiro, PARANÁ, Brasil","R. Pres. Castelo Branco, 497 - MONTE CASTELO, Gen. Carneiro - PR, 84660-000, Brasil",-26.4217486,-51.31041159999999,ChIJoXQMCE6C5pQR19MBR6am2VQ,true,ROOFTOP,115,in_brazil +50; state_match(PR) +40; muni_not_in_fa -30; loc_type=ROOFTOP +40; specific_fa +15,0,unchanged_bad
PR_0107,PR,Marechal Cândido Rondon,Unidade de Pronto Atendimento Marechal Cândido Rondon,"R. Pres. Costa e Silva, 510 - Centro, Mal. Cândido Rondon - PR, 85960-000, Brasil",-24.5591344,-54.0502216,ElJSLiBQcmVzLiBDb3N0YSBlIFNpbHZhLCA1MTAgLSBDZW50cm8sIE1hbC4gQ8OibmRpZG8gUm9uZG9uIC0gUFIsIDg1OTYwLTAwMCwgQnJhemlsIjESLwoUChIJPwGA8EiA85QR2ok2cbUNjmcQ_gMqFAoSCZWGynpPgPOUEXlvye6D548t,95,,addr_muni_state,"Rua Presidente Costa e Silva, 510 - Líder, Marechal Cândido Rondon, PARANÁ, Brasil","R. Pres. Costa e Silva, 510 - Centro, Mal. Cândido Rondon - PR, 85960-000, Brasil",-24.5591344,-54.0502216,ElJSLiBQcmVzLiBDb3N0YSBlIFNpbHZhLCA1MTAgLSBDZW50cm8sIE1hbC4gQ8OibmRpZG8gUm9uZG9uIC0gUFIsIDg1OTYwLTAwMCwgQnJhemlsIjESLwoUChIJPwGA8EiA85QR2ok2cbUNjmcQ_gMqFAoSCZWGynpPgPOUEXlvye6D548t,false,RANGE_INTERPOLATED,100,in_brazil +50; state_match(PR) +40; muni_not_in_fa -30; loc_type=RANGE_INTERPOLATED +25; specific_fa +15,5,improved_but_still_review
PR_0108,PR,Marechal Cândido Rondon,Hospital Rondon,"R. Cabral, 985 - Centro, Mal. Cândido Rondon - PR, 85960-000, Brasil",-24.5574486,-54.0657905,ChIJqaITTRSA85QRk3FMiAZatGU,115,,unit_muni_state,"Hospital Rondon, Marechal Cândido Rondon, PARANÁ, Brasil","R. Cabral, 985 - Centro, Mal. Cândido Rondon - PR, 85960-000, Brasil",-24.5574486,-54.0657905,ChIJqaITTRSA85QRk3FMiAZatGU,false,ROOFTOP,115,in_brazil +50; state_match(PR) +40; muni_not_in_fa -30; loc_type=ROOFTOP +40; specific_fa +15,0,unchanged_bad
PR_0109,PR,Marechal Cândido Rondon,Hospital Municipal Dr. Cruzatti,"R. Doze de Outubro, 1380 - Centro, Mal. Cândido Rondon - PR, 85960-000, Brasil",-24.5543849,-54.0631506,ChIJd4BuHhaA85QRKT7eqacn4gE,115,,unit_muni_state,"Hospital Municipal Dr. Cruzatti, Marechal Cândido Rondon, PARANÁ, Brasil","R. Doze de Outubro, 1380 - Centro, Mal. Cândido Rondon - PR, 85960-000, Brasil",-24.5543849,-54.0631506,ChIJd4BuHhaA85QRKT7eqacn4gE,false,ROOFTOP,115,in_brazil +50; state_match(PR) +40; muni_not_in_fa -30; loc_type=ROOFTOP +40; specific_fa +15,0,unchanged_bad
PR_0140,PR,Piraquara,UPA 24h Armando Neme Filho,"R. Renato Nunes Ribas, 731 - Centro, Pinhais - PR, 83323-390, Brasil",-25.4342948,-49.191797,ChIJfxX0H5fv3JQRBYOLKp_o-oY,115,,unit_muni_state,"UPA 24h Armando Neme Filho, Piraquara, PARANÁ, Brasil","R. Armando Romani, 24 - Planta Araçatuba, Piraquara - PR, 83301-680, Brasil",-25.446487,-49.063225,EkxSLiBBcm1hbmRvIFJvbWFuaSwgMjQgLSBQbGFudGEgQXJhw6dhdHViYSwgUGlyYXF1YXJhIC0gUFIsIDgzMzAxLTY4MCwgQnJhemlsIjASLgoUChIJhWLOruny3JQRbL_Km-pxD_wQGCoUChIJX6HRq-ny3JQRjZ_ikAl26kM,true,RANGE_INTERPOLATED,155,in_brazil +50; state_match(PR) +40; muni_in_fa +30; loc_type=RANGE_INTERPOLATED +25; specific_fa +15; partial+non_rooftop -5,40,improved_but_still_review
PR_0173,PR,São Jorge do Oeste,Hospital Dr. Julio Zavala Barrientos,"Av. Iguaçu, 894 - São Jorge d'Oeste, PR, 85575-000, Brasil",-25.7086466,-52.9228538,EjxBdi4gSWd1YcOndSwgODk0IC0gU8OjbyBKb3JnZSBkJ09lc3RlLCBQUiwgODU1NzUtMDAwLCBCcmF6aWwiMRIvChQKEgmFgtKTWzrwlBFIWaB9FgMhVRD-BioUChIJoxWUCFk68JQRfsgECS4-56A,55,,addr_muni_state,"Avenida Iguaçu, 894 - Centro, São Jorge do Oeste, PARANÁ, Brasil","Av. Iguaçu, 894 - São Jorge d'Oeste, PR, 85575-000, Brasil",-25.7086466,-52.9228538,EjxBdi4gSWd1YcOndSwgODk0IC0gU8OjbyBKb3JnZSBkJ09lc3RlLCBQUiwgODU1NzUtMDAwLCBCcmF6aWwiMRIvChQKEgmFgtKTWzrwlBFIWaB9FgMhVRD-BioUChIJoxWUCFk68JQRfsgECS4-56A,false,RANGE_INTERPOLATED,60,in_brazil +50; state_unknown; muni_not_in_fa -30; loc_type=RANGE_INTERPOLATED +25; specific_fa +15,5,improved_but_still_review
RO_0010,RO,Campo Novo Ro,Hospital De Pequeno Porte De Campo Novo De Rondônia,"Av. Primeiro de Maio, Campo Novo de Rondônia - RO, 76887-000, Brasil",-10.571399,-63.6208315,ChIJsc_v_g7LzZMRb55oX_mYyXs,90,,addr_muni_state,"Av. 1º De Maio, Nº 2217, Campo Novo Ro, RONDÔNIA, Brasil","Av. Primeiro de Maio, Campo Novo de Rondônia - RO, 76887-000, Brasil",-10.571399,-63.6208315,ChIJsc_v_g7LzZMRb55oX_mYyXs,true,GEOMETRIC_CENTER,90,in_brazil +50; state_match(RO) +40; muni_not_in_fa -30; loc_type=GEOMETRIC_CENTER +20; specific_fa +15; partial+non_rooftop -5,0,unchanged_bad
RO_0017,RO,Espigão Do Oeste,Hospital Municipal Angelina Georgetti,"r 1343 - R. Paraná, 1253 - Liberdade, Espigão D'Oeste - RO, 76974-000, Brasil",-11.5320714,-61.00792360000001,ChIJF88YoqnBt5MR-IxlIfHZkDs,115,,unit_muni_state,"Hospital Municipal Angelina Georgetti, Espigão Do Oeste, RONDÔNIA, Brasil","r 1343 - R. Paraná, 1253 - Liberdade, Espigão D'Oeste - RO, 76974-000, Brasil",-11.5320714,-61.00792360000001,ChIJF88YoqnBt5MR-IxlIfHZkDs,true,ROOFTOP,115,in_brazil +50; state_match(RO) +40; muni_not_in_fa -30; loc_type=ROOFTOP +40; specific_fa +15,0,unchanged_bad
RO_0030,RO,Presidente Médici,Hospital E Maternidade Eufrasia Maria Da Conceição,"R. Otavio Rodrigues de Matos - Pres. Médici, RO, 76916-000, Brasil",-11.169202,-61.9089477,ChIJu85Dwl2lyZMRM6s_08wsnEA,50,,addr_muni_state,"Rua Otavio Rodrigues De Matos, Presidente Médici, RONDÔNIA, Brasil","R. Otavio Rodrigues de Matos - Pres. Médici, RO, 76916-000, Brasil",-11.169202,-61.9089477,ChIJu85Dwl2lyZMRM6s_08wsnEA,false,GEOMETRIC_CENTER,55,in_brazil +50; state_unknown; muni_not_in_fa -30; loc_type=GEOMETRIC_CENTER +20; specific_fa +15,5,improved_but_still_review
RO_0034,RO,Sao Miguel D Guaporé,Hospital Massao Okamoto,"R. Waldemar Coelho, 2340 - Centro, São Miguel do Guaporé - RO, 76932-000, Brasil",-11.6934814,-62.7178037,ChIJ392OJWnJyJMRLtq4fd8XhwY,115,,unit_muni_state,"Hospital Massao Okamoto, Sao Miguel D Guaporé, RONDÔNIA, Brasil","R. Waldemar Coelho, 2340 - Centro, São Miguel do Guaporé - RO, 76932-000, Brasil",-11.6934814,-62.7178037,ChIJ392OJWnJyJMRLtq4fd8XhwY,true,ROOFTOP,115,in_brazil +50; state_match(RO) +40; muni_not_in_fa -30; loc_type=ROOFTOP +40; specific_fa +15,0,unchanged_bad
RR_0003,RR,Caracaraí,Unidade Mista Irmã Aqulina,"R. Manoel Sabino dos Santos, 2 - s/n - Cidade Satélite, Boa Vista - RR, 69311, Brasil",2.8514444,-60.71759640000001,ElZSLiBNYW5vZWwgU2FiaW5vIGRvcyBTYW50b3MsIDIgLSBzL24gLSBDaWRhZGUgU2F0w6lsaXRlLCBCb2EgVmlzdGEgLSBSUiwgNjkzMTEsIEJyYXppbCI5GjcKMBIuChQKEgnRSSDTeQ-TjRHoU3MnFHMNHRACKhQKEglFCXPAfw-TjRFfiKpV5r4HERIDcy9u,95,,unit_muni_state,"Unidade Mista Irmã Aqulina, Caracaraí, RORAIMA, Brasil","Caracaraí, RR, 69360-000, Brasil",1.822514,-61.1265436,ChIJkSWpfN05jY0RA0Zf-kmc_ec,true,APPROXIMATE,95,in_brazil +50; state_unknown; muni_in_fa +30; loc_type=APPROXIMATE +5; specific_fa +15; partial+non_rooftop -5,0,unchanged_bad
RS_0046,RS,Santana do Livramento,Santa Casa de Misericórdia,"R. Manduca Rodrigues, 285 - Centro, Sant'Ana do Livramento - RS, 97573-560, Brasil",-30.8900676,-55.5382474,ChIJC76lK__-qZURbDDP2XJ07t8,115,,unit_muni_state,"Santa Casa de Misericórdia, Santana do Livramento, RIO GRANDE DO SUL, Brasil","R. Manduca Rodrigues, 285 - Centro, Sant'Ana do Livramento - RS, 97573-560, Brasil",-30.8900676,-55.5382474,ChIJC76lK__-qZURbDDP2XJ07t8,false,ROOFTOP,115,in_brazil +50; state_match(RS) +40; muni_not_in_fa -30; loc_type=ROOFTOP +40; specific_fa +15,0,unchanged_bad
RS_0060,RS,Tenente Portela,Associação Hosp. Beneficente Santo Antônio,"Centro Histórico, Porto Alegre - RS, Brasil",-30.0308043,-51.2278242,ChIJqz4ETQ55GZUR1I_huiAImnY,45,,addr_muni_state,"Rua Romário Rosa Lopes, 42, Centro, Tenente Portela, RIO GRANDE DO SUL, Brasil","João Rosa Lopes, 42 - Ten. Portela, RS, 98500-000, Brasil",-27.3645328,-53.7497221,EjpKb8OjbyBSb3NhIExvcGVzLCA0MiAtIFRlbi4gUG9ydGVsYSwgUlMsIDk4NTAwLTAwMCwgQnJhemlsIjASLgoUChIJezJNum3A-5QRloCr3Tq84QYQKioUChIJn01Yum3A-5QRhDP1VBM5STk,true,RANGE_INTERPOLATED,55,in_brazil +50; state_unknown; muni_not_in_fa -30; loc_type=RANGE_INTERPOLATED +25; specific_fa +15; partial+non_rooftop -5,10,improved_but_still_review
SC_0019,SC,Coronel Freitas,Hospital Nossa Senhora da Saúde,"R. Ceará, 434 - Centro, Cel. Freitas - SC, 89840-000, Brasil",-26.9051999,-52.7051681,ChIJUT1L3KrS5JQR4nebA6-z4qw,115,,unit_muni_state,"Hospital Nossa Senhora da Saúde, Coronel Freitas, SANTA CATARINA, Brasil","R. Ceará, 434 - Centro, Cel. Freitas - SC, 89840-000, Brasil",-26.9051999,-52.7051681,ChIJUT1L3KrS5JQR4nebA6-z4qw,false,ROOFTOP,115,in_brazil +50; state_match(SC) +40; muni_not_in_fa -30; loc_type=ROOFTOP +40; specific_fa +15,0,unchanged_bad
SC_0066,SC,Jaraguá do Sul,Hospital e Maternidade Jaraguá,"R. Albin Welinski - Ilha da Figueira, Guaramirim - SC, 89270-000, Brasil",-26.4854556,-49.0033986,ChIJ5QYaSo6_3pQRcrkw_j2Gfn4,90,,unit_muni_state,"Hospital e Maternidade Jaraguá, Jaraguá do Sul, SANTA CATARINA, Brasil","Jaraguá 99, Jaraguá do Sul - SC, Brasil",-26.5014029,-49.1464636,ChIJ9wExGAqT3pQRKnF35Tn9t1M,true,APPROXIMATE,105,in_brazil +50; state_match(SC) +40; muni_in_fa +30; loc_type=APPROXIMATE +5; generic_fa -15; partial+non_rooftop -5,15,improved_but_still_review
SC_0092,SC,Major Vieira,Hospital São Lucas,"Pc Hercília Gadotti, 1333 - Centro, Maj. Vieira - SC, 89480-000, Brasil",-26.3668679,-50.335105,ChIJnRRw__FA55QRN-wJ9mABCNM,115,,unit_muni_state,"Hospital São Lucas, Major Vieira, SANTA CATARINA, Brasil","Pc Hercília Gadotti, 1333 - Centro, Maj. Vieira - SC, 89480-000, Brasil",-26.3668679,-50.335105,ChIJnRRw__FA55QRN-wJ9mABCNM,false,ROOFTOP,115,in_brazil +50; state_match(SC) +40; muni_not_in_fa -30; loc_type=ROOFTOP +40; specific_fa +15,0,unchanged_bad
SC_0104,SC,Presidente Getúlio,Hospital de Maternidade Maria Auxiliadora,"R. Padre Adalberto Ortmann, 197 - Centro, Pres. Getúlio - SC, 89150-000, Brasil",-27.0515767,-49.6218075,ChIJgdaFvY6035QRPhNsLtoiVfk,115,,unit_muni_state,"Hospital de Maternidade Maria Auxiliadora, Presidente Getúlio, SANTA CATARINA, Brasil","R. Padre Adalberto Ortmann, 197 - Centro, Pres. Getúlio - SC, 89150-000, Brasil",-27.0515767,-49.6218075,ChIJgdaFvY6035QRPhNsLtoiVfk,false,ROOFTOP,115,in_brazil +50; state_match(SC) +40; muni_not_in_fa -30; loc_type=ROOFTOP +40; specific_fa +15,0,unchanged_bad
SC_0139,SC,Ponte Serrada,Hospital Santa Luzia,"Av. XV de Novembro, 860 - Pte. Serrada, SC, 89683-000, Brasil",-26.868371,-52.02039809999999,ChIJT_MaqR1g5JQR0Wj61PmT3wQ,75,,unit_muni_state,"Hospital Santa Luzia, Ponte Serrada, SANTA CATARINA, Brasil","Av. XV de Novembro, 860 - Pte. Serrada, SC, 89683-000, Brasil",-26.868371,-52.02039809999999,ChIJT_MaqR1g5JQR0Wj61PmT3wQ,false,ROOFTOP,75,in_brazil +50; state_unknown; muni_not_in_fa -30; loc_type=ROOFTOP +40; specific_fa +15,0,unchanged_bad
SE_0004,SE,Canindé do São Francisco,Hospital Haydde Carvalho Leite Santos,"R. Haydee Carvalho, Canindé de São Francisco - SE, 49820-000, Brasil",-9.658095,-37.7895195,ChIJG2vZixcyDwcRK9hVZwAnsAA,90,,unit_muni_state,"Hospital Haydde Carvalho Leite Santos, Canindé do São Francisco, SERGIPE, Brasil","R. Haydee Carvalho, Canindé de São Francisco - SE, 49820-000, Brasil",-9.658095,-37.7895195,ChIJG2vZixcyDwcRK9hVZwAnsAA,true,GEOMETRIC_CENTER,90,in_brazil +50; state_match(SE) +40; muni_not_in_fa -30; loc_type=GEOMETRIC_CENTER +20; specific_fa +15; partial+non_rooftop -5,0,unchanged_bad
SE_0010,SE,Nossa Senhora da Glória,Hosp. Regional Governador João Alves Filho,"Av. Vinte e Seis de Setembro, 1214-1428 - Silos, Nossa Sra. da Glória - SE, 49680-000, Brasil",-10.2086295,-37.4054033,ChIJD67INuh4DwcRGjt0vPmTV0Q,115,,unit_muni_state,"Hosp. Regional Governador João Alves Filho, Nossa Senhora da Glória, SERGIPE, Brasil","Av. Vinte e Seis de Setembro, 1214-1428 - Silos, Nossa Sra. da Glória - SE, 49680-000, Brasil",-10.2086295,-37.4054033,ChIJD67INuh4DwcRGjt0vPmTV0Q,true,ROOFTOP,115,in_brazil +50; state_match(SE) +40; muni_not_in_fa -30; loc_type=ROOFTOP +40; specific_fa +15,0,unchanged_bad
SE_0011,SE,Nossa Senhora do Socorro,Pronto Atendimento 24h Fernando Franco,"R. Fernando dos Santos, 24 - Fernando Collor, Nossa Sra. do Socorro - SE, 49160-000, Brasil",-10.8665179,-37.0963202,ChIJf7xtgDpNBQcRXx4J_oVjxhE,115,,unit_muni_state,"Pronto Atendimento 24h Fernando Franco, Nossa Senhora do Socorro, SERGIPE, Brasil","R. Fernando dos Santos, 24 - Fernando Collor, Nossa Sra. do Socorro - SE, 49160-000, Brasil",-10.8665179,-37.0963202,ChIJf7xtgDpNBQcRXx4J_oVjxhE,true,ROOFTOP,115,in_brazil +50; state_match(SE) +40; muni_not_in_fa -30; loc_type=ROOFTOP +40; specific_fa +15,0,unchanged_bad
SP_0066,SP,Ferraz de Vasconcellos,Hospital Dr. Osíris Florindo Coelho,"R. Princesa Isabel, 270 - Vila Correa, Ferraz de Vasconcelos - SP, 08502-200, Brasil",-23.5381846,-46.3585281,ChIJCZFa3c16zpQR_F7do3EwgyA,115,,unit_muni_state,"Hospital Dr. Osíris Florindo Coelho, Ferraz de Vasconcellos, SÃO PAULO, Brasil","R. Princesa Isabel, 270 - Vila Correa, Ferraz de Vasconcelos - SP, 08502-200, Brasil",-23.5381846,-46.3585281,ChIJCZFa3c16zpQR_F7do3EwgyA,false,ROOFTOP,115,in_brazil +50; state_match(SP) +40; muni_not_in_fa -30; loc_type=ROOFTOP +40; specific_fa +15,0,unchanged_bad
SP_0070,SP,General Salgado,Santa Casa de General Salgado,"R. Nadir Garcia, 555 - Jardim Primavera, Gen. Salgado - SP, 15300-000, Brasil",-20.6479699,-50.3580046,ChIJKW5FGJO_l5QRhZpcXuA13UU,115,,unit_muni_state,"Santa Casa de General Salgado, General Salgado, SÃO PAULO, Brasil","R. Nadir Garcia, 555 - Jardim Primavera, Gen. Salgado - SP, 15300-000, Brasil",-20.6479699,-50.3580046,ChIJKW5FGJO_l5QRhZpcXuA13UU,false,ROOFTOP,115,in_brazil +50; state_match(SP) +40; muni_not_in_fa -30; loc_type=ROOFTOP +40; specific_fa +15,0,unchanged_bad
SP_0093,SP,Itapecerica Serra,Maternidade Municipal Zoraide Eva das Dores,"R. Zoraide Eva das Dores, Itapecerica da Serra - SP, 06871-090, Brasil",-23.7220543,-46.8557976,ChIJSzFI8nKtz5QRlTfT9CAGydI,90,,unit_muni_state,"Maternidade Municipal Zoraide Eva das Dores, Itapecerica Serra, SÃO PAULO, Brasil","R. Zoraide Eva das Dores, Itapecerica da Serra - SP, 06871-090, Brasil",-23.7220543,-46.8557976,ChIJSzFI8nKtz5QRlTfT9CAGydI,true,GEOMETRIC_CENTER,90,in_brazil +50; state_match(SP) +40; muni_not_in_fa -30; loc_type=GEOMETRIC_CENTER +20; specific_fa +15; partial+non_rooftop -5,0,unchanged_bad
SP_0173,SP,Presidente Epitácio,Santa Casa de Presidente Epitácio,"R. Antônio Venâncio Lopes, 942 - VIla Maria, Pres. Epitácio - SP, 19470-000, Brasil",-21.7740248,-52.1112934,ChIJF5vdXCCZkZQR3Xyx6BeKlgk,115,,unit_muni_state,"Santa Casa de Presidente Epitácio, Presidente Epitácio, SÃO PAULO, Brasil","R. Antônio Venâncio Lopes, 942 - VIla Maria, Pres. Epitácio - SP, 19470-000, Brasil",-21.7740248,-52.1112934,ChIJF5vdXCCZkZQR3Xyx6BeKlgk,false,ROOFTOP,115,in_brazil +50; state_match(SP) +40; muni_not_in_fa -30; loc_type=ROOFTOP +40; specific_fa +15,0,unchanged_bad
SP_0174,SP,Presidente Prudente,Hosp. Reg. de Presidente Prudente Domingos Leonardo Cerávolo,"R. José Bongiovani, 900 - Vila Liberdade, Pres. Prudente - SP, 19050, Brasil",-22.1333477,-51.4042728,Ek1SLiBKb3PDqSBCb25naW92YW5pLCA5MDAgLSBWaWxhIExpYmVyZGFkZSwgUHJlcy4gUHJ1ZGVudGUgLSBTUCwgMTkwNTAsIEJyYXppbCIxEi8KFAoSCZvgv2Nb9JOUEeRvXJe6oNtpEIQHKhQKEgm58vCqW_STlBFiSL64kkWe-w,95,,addr_muni_state,"Rua José Bogiovani, 900 - Cidade Universitária, Presidente Prudente, SÃO PAULO, Brasil","R. José Bongiovani, 900 - Vila Liberdade, Pres. Prudente - SP, 19050, Brasil",-22.1333477,-51.4042728,Ek1SLiBKb3PDqSBCb25naW92YW5pLCA5MDAgLSBWaWxhIExpYmVyZGFkZSwgUHJlcy4gUHJ1ZGVudGUgLSBTUCwgMTkwNTAsIEJyYXppbCIxEi8KFAoSCZvgv2Nb9JOUEeRvXJe6oNtpEIQHKhQKEgm58vCqW_STlBFiSL64kkWe-w,false,RANGE_INTERPOLATED,100,in_brazil +50; state_match(SP) +40; muni_not_in_fa -30; loc_type=RANGE_INTERPOLATED +25; specific_fa +15,5,improved_but_still_review
SP_0175,SP,Presidente Prudente,Santa Casa Hospital Dr. Aristóteles Oliveira Martins,"R. Wenceslau Braz, 5 - Vila Euclides, Pres. Prudente - SP, 19014-030, Brasil",-22.1294416,-51.3922979,ChIJB7tw-E30k5QROjZ__TV5SxQ,115,,unit_muni_state,"Santa Casa Hospital Dr. Aristóteles Oliveira Martins, Presidente Prudente, SÃO PAULO, Brasil","R. Wenceslau Braz, 5 - Vila Euclides, Pres. Prudente - SP, 19014-030, Brasil",-22.1294416,-51.3922979,ChIJB7tw-E30k5QROjZ__TV5SxQ,true,ROOFTOP,115,in_brazil +50; state_match(SP) +40; muni_not_in_fa -30; loc_type=ROOFTOP +40; specific_fa +15,0,unchanged_bad
SP_0176,SP,Presidente Venceslau,Santa Casa de Presidente Venceslau,"Rua Emiliano - R. Antônio Vila Nova, 66 - Centro, Pres. Venceslau - SP, 19400-059, Brasil",-21.8715685,-51.8416027,ChIJMR0k-M9kkZQRc-aHDorn-34,115,,unit_muni_state,"Santa Casa de Presidente Venceslau, Presidente Venceslau, SÃO PAULO, Brasil","Rua Emiliano - R. Antônio Vila Nova, 66 - Centro, Pres. Venceslau - SP, 19400-059, Brasil",-21.8715685,-51.8416027,ChIJMR0k-M9kkZQRc-aHDorn-34,false,ROOFTOP,115,in_brazil +50; state_match(SP) +40; muni_not_in_fa -30; loc_type=ROOFTOP +40; specific_fa +15,0,unchanged_bad
SP_0211,SP,São Luis do Paraitinga,Santa Casa de Misericórdia,"Pc Cel Theodoro Coelho, 48 - Centro, São Luiz do Paraitinga - SP, 12140-000, Brasil",-23.2254389,-45.3077057,ChIJo6Rsnuo9zZQRFQxg6EwJYwY,115,,unit_muni_state,"Santa Casa de Misericórdia, São Luis do Paraitinga, SÃO PAULO, Brasil","Pc Cel Theodoro Coelho, 48 - Centro, São Luiz do Paraitinga - SP, 12140-000, Brasil",-23.2254389,-45.3077057,ChIJo6Rsnuo9zZQRFQxg6EwJYwY,true,ROOFTOP,115,in_brazil +50; state_match(SP) +40; muni_not_in_fa -30; loc_type=ROOFTOP +40; specific_fa +15,0,unchanged_bad
